,City,Cloudiness,Country,Date,Humidity,Lat,Lng,Max Temp,Wind Speed
0,Nileshwar,93,IN,1569794302,93,12.25,75.1,75.67,7.23
1,Yellowknife,20,CA,1569794303,52,62.45,-114.38,46.4,16.11
2,Terenos,0,BR,1569794305,29,-20.44,-54.87,89.6,8.05
3,Tuktoyaktuk,40,CA,1569794306,75,69.44,-133.03,41.0,9.17
4,Rikitea,91,PF,1569794307,73,-23.12,-134.97,70.71,7.78
5,Provideniya,0,RU,1569794309,81,64.42,-173.23,44.6,3.0
6,Anchorage,90,US,1569794310,81,61.22,-149.89,50.0,11.41
7,Yarmouth,75,CA,1569794256,62,43.84,-66.12,57.2,17.22
8,Zarautz,90,ES,1569794312,72,43.28,-2.17,69.8,2.24
9,Te Anau,82,NZ,1569794314,79,-45.41,167.72,40.95,6.76
10,Albany,1,US,1569794257,58,42.65,-73.75,64.0,5.82
11,Oktyabrskiy,90,RU,1569794317,93,55.61,37.97,50.0,4.47
12,Atuona,41,PF,1569794318,79,-9.8,-139.03,79.56,18.23
13,Port Elizabeth,90,US,1569794319,65,39.31,-74.98,80.6,5.82
14,Smithers,20,CA,1569794321,36,54.78,-127.17,46.4,3.36
15,Batemans Bay,94,AU,1569794322,52,-35.71,150.18,55.99,3.0
16,Union,1,US,1569794323,38,34.72,-81.62,96.01,3.36
17,Busselton,0,AU,1569794324,74,-33.64,115.35,54.0,9.4
18,Majene,45,ID,1569794299,83,-3.54,118.97,79.76,23.85
19,Bonthe,100,SL,1569794327,92,7.53,-12.5,75.8,4.16
20,Tetela del Volcan,90,MX,1569794328,87,18.87,-98.72,69.8,14.99
21,Alofi,37,NU,1569794283,88,-19.06,-169.92,75.2,17.22
22,Vaini,97,IN,1569794331,87,15.34,74.49,72.6,2.19
23,Bredasdorp,96,ZA,1569794333,87,-34.53,20.04,50.0,5.82
24,Mataura,100,NZ,1569794334,89,-46.19,168.86,46.0,8.99
25,Cabo San Lucas,75,MX,1569794278,55,22.89,-109.91,90.0,11.41
26,Ushuaia,75,AR,1569794336,98,-54.81,-68.31,35.6,8.05
27,Tasiilaq,0,GL,1569794338,69,65.61,-37.64,39.2,3.36
28,Castro,90,CL,1569794339,93,-42.48,-73.76,42.8,13.87
29,Punta Arenas,75,CL,1569794179,56,-53.16,-70.91,44.6,17.22
30,Saskylakh,0,RU,1569794342,90,71.97,114.09,19.66,0.92
31,Bessemer,90,US,1569794343,28,33.4,-86.95,96.8,5.82
32,Bluff,68,AU,1569794344,38,-23.58,149.07,71.62,7.72
33,Kasongo-Lunda,100,CD,1569794346,95,-6.48,16.82,67.47,2.68
34,Mar del Plata,32,AR,1569794347,25,-46.43,-67.52,55.62,38.43
35,Hilo,90,US,1569794139,62,19.71,-155.08,84.2,5.82
36,Maldonado,0,UY,1569794350,56,-34.91,-54.96,73.4,8.05
37,Sao Filipe,2,CV,1569794351,84,14.9,-24.5,77.83,13.78
38,Ponta Delgada,75,PT,1569794224,94,37.73,-25.67,73.4,17.22
39,Vatne,75,NO,1569794354,76,62.56,6.61,48.2,13.87
40,Pacific Grove,0,US,1569794120,42,36.62,-121.92,69.01,10.29
41,Awjilah,34,LY,1569794357,52,29.14,21.3,79.04,13.4
42,Tautira,20,PF,1569794359,66,-17.73,-149.15,84.2,10.29
43,Pevek,100,RU,1569794360,84,69.7,170.27,31.84,20.45
44,Kloulklubed,90,PW,1569794361,94,7.04,134.26,75.2,6.24
45,Ternate,90,PH,1569794363,94,14.29,120.72,82.0,4.7
46,Aksarka,100,RU,1569794364,98,66.56,67.8,32.42,10.09
47,Vasylivka,33,UA,1569794366,93,47.44,35.28,55.99,4.47
48,Isangel,40,VU,1569794367,78,-19.55,169.27,78.8,1.12
49,New Norfolk,40,AU,1569794368,49,-42.78,147.06,51.01,12.75
50,Filingue,9,NE,1569794370,19,14.35,3.32,95.11,4.36
51,Pangnirtung,100,CA,1569794371,90,66.15,-65.72,36.96,1.81
52,Pochutla,90,MX,1569794372,78,15.74,-96.47,82.4,3.06
53,Kapaa,75,US,1569794374,70,22.08,-159.32,86.0,12.75
54,Mahebourg,40,MU,1569794376,88,-20.41,57.7,71.01,2.24
55,Kattivakkam,40,IN,1569794377,83,13.22,80.32,82.4,2.24
56,Naze,40,NG,1569794378,94,5.43,7.07,77.0,4.43
57,Beyneu,62,KZ,1569794380,56,45.32,55.19,55.33,1.95
58,Tacotalpa,75,MX,1569794382,66,17.6,-92.82,87.8,6.93
59,Tucurui,66,BR,1569794384,47,-3.77,-49.67,88.9,1.92
60,Kavaratti,100,IN,1569794386,73,10.57,72.64,81.74,7.05
61,Kualakapuas,90,ID,1569794387,88,-3.01,114.39,75.2,4.29
62,Avarua,14,CK,1569794389,64,-21.21,-159.78,75.2,16.11
63,Barrow,23,AR,1569794390,57,-38.31,-60.23,77.74,14.36
64,Bondeno,0,IT,1569794391,68,44.89,11.41,69.01,4.7
65,Cap Malheureux,40,MU,1569794393,88,-19.98,57.61,71.01,2.24
66,Great Falls,90,US,1569794394,99,47.5,-111.29,33.01,9.17
67,Severo-Kurilsk,100,RU,1569794395,94,50.68,156.12,49.21,16.73
68,Kirakira,82,SB,1569794397,79,-10.46,161.92,81.6,10.65
69,Chapais,90,CA,1569794398,56,49.78,-74.86,41.0,9.17
70,East London,100,ZA,1569794399,84,-33.02,27.91,58.81,15.3
71,Khatanga,76,RU,1569794401,81,71.98,102.47,25.17,6.78
72,Codrington,90,AU,1569794402,100,-28.95,153.24,64.4,3.36
73,Tooele,90,US,1569794403,53,40.53,-112.3,50.0,8.05
74,Port Lincoln,0,AU,1569794405,77,-34.72,135.86,54.67,19.66
75,Sokoni,0,CD,1569794406,44,-12.89,28.78,63.0,4.0
76,Hamilton,90,CA,1569794117,76,43.26,-79.87,59.0,18.34
77,Limoges,90,FR,1569794409,93,45.84,1.26,61.0,9.17
78,Takoradi,90,GH,1569794410,95,4.89,-1.75,74.77,4.09
79,Muros,90,ES,1569794412,100,42.77,-9.06,64.99,3.36
80,Guerrero Negro,0,MX,1569794414,83,27.97,-114.04,67.32,18.07
81,Dashitou,19,CN,1569794415,90,43.3,128.5,50.55,2.21
82,Geraldton,90,CA,1569794417,52,49.72,-86.95,44.6,5.82
83,Hirara,75,JP,1569794418,88,24.8,125.28,80.6,17.22
84,Victoria,75,BN,1569794420,94,5.28,115.24,77.0,5.01
85,Jamestown,0,AU,1569794409,87,-33.21,138.6,43.96,8.75
86,Wiarton,90,CA,1569794422,66,44.74,-81.13,55.4,6.93
87,Puerto Ayora,20,EC,1569794423,61,-0.74,-90.35,77.0,17.22
88,Lebu,69,ET,1569794425,88,8.96,38.73,54.4,3.06
89,Tiksi,66,RU,1569794426,94,71.64,128.87,23.33,4.79
90,Airai,0,TL,1569794428,56,-8.93,125.41,68.55,3.6
91,Chokurdakh,73,RU,1569794429,96,70.62,147.9,24.9,4.72
92,Svetlaya,39,RU,1569794430,79,46.54,138.33,41.56,5.32
93,Satka,83,RU,1569794432,92,55.04,59.03,26.62,4.76
94,San Patricio,0,PY,1569794433,47,-26.98,-56.83,82.93,6.13
95,Omboue,100,GA,1569794434,83,-1.57,9.26,76.88,16.13
96,Komsomolskiy,100,RU,1569794436,98,67.55,63.78,32.8,7.09
97,Awbari,0,LY,1569794437,29,26.59,12.77,77.4,7.25
98,Tura,100,RU,1569794438,85,64.27,100.22,27.85,3.09
99,Cherskiy,100,RU,1569794400,88,68.75,161.3,28.69,5.26
100,Hobart,40,AU,1569794311,49,-42.88,147.33,50.0,12.75
101,Seddon,75,AU,1569794442,81,-37.81,144.89,53.01,10.29
102,Namatanai,100,PG,1569794444,81,-3.66,152.44,79.11,7.7
103,Hermanus,0,ZA,1569794412,77,-34.42,19.24,57.0,3.0
104,Karaton,20,ID,1569794446,83,-6.34,106.1,77.0,4.7
105,Grand Gaube,40,MU,1569794448,88,-20.01,57.66,71.01,2.24
106,Teacapan,79,MX,1569794449,79,22.54,-105.74,84.24,17.02
107,Connersville,75,US,1569794450,94,39.64,-85.14,90.0,11.41
108,Kitui,98,KE,1569794452,80,-1.37,38.02,69.86,8.86
109,Impfondo,72,CD,1569794453,95,1.62,18.06,70.56,1.39
110,Amapa,75,HN,1569794454,59,15.09,-87.97,91.4,13.87
111,Akureyri,0,IS,1569794456,85,65.68,-18.09,32.0,5.82
112,Babstovo,45,RU,1569794457,82,48.12,132.48,36.96,2.93
113,Winnemucca,90,US,1569794361,86,40.97,-117.74,39.0,3.36
114,Qaanaaq,87,GL,1569794460,67,77.48,-69.36,30.42,6.31
115,Broome,75,GB,1569794461,87,52.47,1.45,57.0,14.99
116,Clarence Town,75,AU,1569794462,72,-32.59,151.78,64.99,5.82
117,Saldanha,0,PT,1569794464,69,41.42,-6.55,66.19,3.71
118,Ponta do Sol,0,BR,1569794465,52,-20.63,-46.0,72.78,6.08
119,Chuy,0,UY,1569794466,83,-33.69,-53.46,62.19,15.17
120,Fairview,40,CA,1569794428,44,56.07,-118.38,42.01,4.7
121,Pimenta Bueno,82,BR,1569794469,52,-11.68,-61.19,87.91,3.6
122,Vagur,84,FO,1569794470,76,61.47,-6.81,45.85,21.25
123,Hithadhoo,3,MV,1569794454,75,-0.6,73.08,81.47,9.24
124,Port Alfred,100,ZA,1569794473,93,-33.59,26.89,60.01,7.0
125,Tarakan,100,ID,1569794474,88,3.3,117.63,76.99,3.96
126,Prainha,19,BR,1569794476,35,-1.8,-53.48,93.03,4.74
127,Kaitangata,100,NZ,1569794458,65,-46.28,169.85,51.01,3.0
128,Tiznit,0,MA,1569794478,74,29.7,-9.73,71.25,3.51
129,Hasanabad,20,IR,1569794480,56,35.37,51.24,73.4,9.17
130,Mayo,75,CA,1569794481,55,63.59,-135.9,39.2,3.36
131,Butaritari,59,KI,1569794483,62,3.07,172.79,85.95,7.96
132,Fare,30,PF,1569794484,79,-16.7,-151.02,76.65,19.48
133,Aswan,0,EG,1569794485,21,24.09,32.9,81.27,13.2
134,North Bend,75,US,1569794486,71,43.41,-124.22,57.99,6.93
135,Inhambane,33,MZ,1569794388,77,-23.87,35.38,69.18,10.4
136,Bangalore,40,IN,1569794364,100,12.98,77.6,71.6,1.12
137,Tamiahua,100,MX,1569794490,76,21.28,-97.45,84.35,14.97
138,Vila Velha,20,BR,1569794446,74,-3.71,-38.6,78.8,8.05
139,Beloha,12,MG,1569794493,82,-25.17,45.06,66.78,6.11
140,Port Hardy,5,CA,1569794435,66,50.7,-127.42,51.8,5.82
141,Sao Joao da Barra,90,BR,1569794426,88,-21.64,-41.05,69.8,6.93
142,Barcelos,21,BR,1569794497,55,-0.97,-62.93,89.43,2.59
143,Conceicao do Araguaia,99,BR,1569794275,67,-8.26,-49.26,81.6,7.05
144,Kodiak,75,US,1569794400,78,39.95,-94.76,84.99,12.75
145,Asyut,0,EG,1569794501,34,27.18,31.19,75.84,16.73
146,Batsfjord,75,NO,1569794502,86,70.63,29.72,37.4,4.7
147,Koulikoro,20,ML,1569794503,65,12.86,-7.56,82.4,3.36
148,Chumikan,49,RU,1569794505,62,54.72,135.31,29.86,5.91
149,Sao Felix do Xingu,99,BR,1569794375,69,-6.64,-51.99,81.61,12.66
150,Salalah,40,OM,1569794507,88,17.01,54.1,80.6,10.29
151,Kruisfontein,100,ZA,1569794508,83,-34.0,24.73,55.21,16.78
152,Georgetown,40,GY,1569794282,74,6.8,-58.16,84.2,16.11
153,Narok,57,KE,1569794511,73,-1.09,35.87,59.73,4.79
154,Cape Town,20,ZA,1569794271,76,-33.93,18.42,60.01,11.41
155,Ostrovnoy,100,RU,1569794514,90,68.05,39.51,42.52,14.09
156,Bubaque,80,GW,1569794515,73,11.28,-15.83,81.2,12.88
157,Oktyabrskoye,40,RU,1569794517,93,56.73,85.44,37.99,13.42
158,Torbay,90,CA,1569794275,100,47.66,-52.73,55.0,19.46
159,Grindavik,40,IS,1569794520,87,63.84,-22.43,44.6,3.36
160,Cockburn Town,75,TC,1569794358,88,21.46,-71.14,80.6,5.82
161,Dzilam Gonzalez,86,MX,1569794525,82,21.28,-88.93,86.0,11.01
162,Zyryanka,100,RU,1569794526,93,65.73,150.89,26.84,15.43
163,Avera,1,US,1569794528,38,33.19,-82.53,96.01,1.66
164,Cangzhou,0,CN,1569794530,49,38.3,116.85,70.15,8.55
165,Hasaki,75,JP,1569794531,94,35.73,140.83,72.0,5.82
166,Carballo,40,ES,1569794533,100,43.21,-8.69,64.99,4.7
167,Rawson,33,AR,1569794534,18,-43.3,-65.11,65.29,20.27
168,Upernavik,0,GL,1569794536,56,72.79,-56.15,41.42,8.66
169,Borgarnes,0,IS,1569794537,75,64.54,-21.92,42.8,3.36
170,Mayor Pablo Lagerenza,0,PY,1569794538,18,-19.93,-60.77,101.95,12.28
171,Acapulco,90,MX,1569794540,100,16.86,-99.88,75.2,5.82
172,Alikovo,0,RU,1569794541,100,55.74,46.75,35.6,8.95
173,Ostersund,71,SE,1569794542,80,63.18,14.64,41.0,19.46
174,Bonavista,100,CA,1569794544,80,48.65,-53.11,53.01,13.0
175,Mezen,100,RU,1569794545,86,65.85,44.24,42.9,10.16
176,Sitka,2,US,1569794546,55,37.17,-99.65,89.01,27.0
177,Tessalit,0,ML,1569794547,10,20.2,1.01,94.34,12.77
178,Novyy Urengoy,90,RU,1569794549,69,66.08,76.63,31.84,4.0
179,Arraial do Cabo,90,BR,1569794550,93,-22.97,-42.02,68.0,8.05
180,Cidreira,0,BR,1569794551,82,-30.17,-50.22,64.3,12.95
181,Kamenka,64,MD,1569794542,92,48.03,28.7,46.99,4.07
182,East Stroudsburg,1,US,1569794554,41,41.0,-75.18,80.6,3.36
183,Lalsk,92,RU,1569794555,89,60.74,47.59,33.46,6.82
184,San Juan,0,AR,1569794297,3,-31.54,-68.53,78.28,13.69
185,Hauterive,90,CA,1569794558,51,49.18,-68.27,53.6,12.75
186,Dikson,88,RU,1569794416,79,73.51,80.55,30.93,5.39
187,Qasigiannguit,14,GL,1569794560,74,68.82,-51.19,37.4,1.12
188,Kongwa,3,TZ,1569794562,70,-6.19,36.41,68.78,9.82
189,Buchanan,40,LR,1569794563,94,5.88,-10.05,77.0,6.62
190,Bambous Virieux,40,MU,1569794565,88,-20.34,57.76,71.01,2.24
191,Esperance,0,AU,1569794566,100,-33.86,121.89,51.8,10.29
192,Bushehr,0,IR,1569794567,74,28.97,50.84,84.2,5.46
193,Luganville,40,VU,1569794569,78,-15.51,167.18,80.6,8.05
194,Sola,78,TZ,1569794571,64,-3.17,33.8,72.69,5.73
195,Lavrentiya,30,RU,1569794408,81,65.58,-170.99,40.74,4.56
196,Watsa,59,CD,1569794574,99,3.04,29.53,65.72,1.99
197,Vardo,1,US,1569794575,61,39.62,-77.74,84.99,6.93
198,Fortuna,40,US,1569794576,100,40.6,-124.16,54.0,8.05
199,Batagay,0,RU,1569794578,90,67.65,134.64,22.12,0.72
200,Ayan,0,IR,1569794579,50,38.23,44.7,48.49,4.0
201,Constitucion,90,MX,1569794417,46,23.99,-104.67,77.0,9.17
202,Saint-Philippe,1,CA,1569794414,54,45.36,-73.48,57.2,4.29
203,Hue,40,VN,1569794585,94,16.47,107.58,73.4,2.24
204,Carnarvon,24,ZA,1569794586,69,-30.97,22.13,50.76,21.0
205,Nishihara,75,JP,1569794588,88,35.74,139.53,79.0,10.29
206,Mbuji-Mayi,97,CD,1569794589,87,-6.13,23.6,72.38,5.59
207,Bloomfield,1,US,1569794592,94,40.75,-92.42,71.6,8.05
208,Longyearbyen,75,NO,1569794593,51,78.22,15.63,35.6,21.92
209,Aklavik,75,CA,1569794594,56,68.22,-135.01,42.8,6.93
210,Rumonge,25,BI,1569794596,76,-3.97,29.44,67.32,5.1
211,Maltahohe,55,NA,1569794597,89,-24.83,16.98,40.5,3.44
212,Namuac,97,PH,1569794598,93,18.61,121.17,71.89,6.62
213,Husavik,100,CA,1569794600,96,50.56,-96.99,43.0,5.01
214,Astara,90,AZ,1569794601,100,38.42,48.87,64.4,4.7
215,Saint George,0,GR,1569794474,88,39.45,22.34,68.0,1.97
216,Jeremoabo,0,BR,1569794604,60,-10.08,-38.34,77.42,11.39
217,Srednekolymsk,100,RU,1569794605,95,67.46,153.71,26.82,7.49
218,Margate,40,AU,1569794606,49,-43.03,147.26,50.0,12.75
219,Genhe,100,CN,1569794608,71,50.78,121.52,36.81,1.14
220,Garowe,100,SO,1569794544,66,8.41,48.48,77.04,13.02
221,Shangzhi,0,CN,1569794610,70,45.21,127.96,45.29,3.36
222,Nikolskoye,75,RU,1569794611,93,59.7,30.79,52.0,4.47
223,Marsh Harbour,36,BS,1569794613,71,26.54,-77.06,80.12,21.79
224,Nanortalik,0,GL,1569794614,85,60.14,-45.24,40.18,0.54
225,Hofn,0,IS,1569794491,71,64.25,-15.21,30.13,12.39
226,Dingle,100,PH,1569794617,84,11.0,122.67,72.97,1.45
227,Nome,40,US,1569794618,58,30.04,-94.42,91.4,6.93
228,Thunder Bay,90,CA,1569794331,66,48.41,-89.26,50.0,12.75
229,Alto Araguaia,99,BR,1569794621,31,-17.32,-53.22,88.8,3.65
230,Souillac,90,FR,1569794488,88,45.6,-0.6,66.0,8.05
231,Cedar Rapids,90,US,1569794623,100,41.98,-91.67,66.2,12.75
232,Kyshtovka,98,RU,1569794624,90,56.56,76.62,32.19,14.61
233,Ust-Koksa,100,RU,1569794626,96,50.27,85.62,28.55,6.42
234,Huntsville,1,US,1569794400,44,34.73,-86.59,95.0,6.93
235,Port Keats,3,AU,1569794628,93,-14.25,129.55,75.01,6.17
236,Fort Nelson,40,CA,1569794443,42,58.81,-122.69,46.4,5.82
237,Coahuayana,100,MX,1569794631,99,18.62,-100.35,69.93,0.58
238,Unity,100,CA,1569794632,64,52.44,-109.15,39.99,5.99
239,Salta,0,AR,1569794633,22,-24.79,-65.41,89.6,17.22
240,Ribeira Grande,54,PT,1569794635,77,38.52,-28.7,71.91,9.26
241,Presidencia Roque Saenz Pena,0,AR,1569794636,25,-26.79,-60.44,94.18,8.99
242,Shirokiy,100,RU,1569794638,96,53.87,39.17,49.77,8.75
243,Campo Maior,19,BR,1569794639,29,-4.83,-42.16,91.12,3.06
244,Harper,40,US,1569794640,40,30.3,-99.24,91.99,8.05
245,Pitimbu,20,BR,1569794642,83,-7.47,-34.81,77.0,8.05
246,Santa Rosa,0,AR,1569794643,23,-36.62,-64.29,91.91,12.17
247,Galesong,20,ID,1569794567,88,-5.32,119.37,66.2,1.12
248,Saint-Augustin,75,CA,1569794381,62,45.63,-73.98,57.2,3.36
249,Faanui,9,PF,1569794647,80,-16.48,-151.75,77.24,21.23
250,Ulladulla,75,AU,1569794396,93,-35.36,150.48,55.0,4.7
251,Corn Island,100,NI,1569794620,79,12.17,-83.04,83.9,11.56
252,Ola,100,RU,1569794652,92,59.58,151.3,42.0,15.23
253,Leningradskiy,16,RU,1569794467,73,69.38,178.42,32.28,13.47
254,Dunedin,100,NZ,1569794654,90,-45.87,170.5,46.0,15.99
255,Sobolevo,100,RU,1569794656,96,54.43,31.9,49.47,7.9
256,Simnas,100,LT,1569794657,93,54.38,23.65,53.7,11.9
257,Pierre,90,US,1569794504,100,44.37,-100.35,68.0,17.22
258,Sechura,89,PE,1569794660,94,-5.56,-80.82,62.98,19.3
259,Mezhdurechensk,41,RU,1569794661,93,53.69,88.07,30.98,4.99
260,Gat,1,SN,1569794663,88,14.69,-16.54,84.2,4.7
261,Ancud,90,CL,1569794664,93,-41.87,-73.83,42.8,13.87
262,Kota,100,IN,1569794666,89,25.17,75.86,72.49,7.05
263,Duleek,40,IE,1569794667,93,53.66,-6.41,52.0,5.82
264,Umm Kaddadah,70,SD,1569794669,30,13.6,26.69,92.68,16.04
265,Roald,75,NO,1569794670,76,62.58,6.12,48.2,13.87
266,Vestmannaeyjar,55,IS,1569794447,76,63.44,-20.27,48.15,3.24
267,Jajce,0,BA,1569794673,87,44.34,17.27,60.8,5.82
268,Tirumullaivasal,14,IN,1569794674,90,11.24,79.84,77.42,4.72
269,Shingu,54,JP,1569794676,89,33.72,135.99,65.59,3.69
270,Bera,100,BD,1569794677,93,24.08,89.61,74.81,4.16
271,Ocampo,3,MX,1569794678,51,27.32,-102.4,79.6,16.11
272,Muroto,40,JP,1569794680,88,33.37,134.14,73.4,6.93
273,Kanlagay,48,PH,1569794682,81,5.88,121.29,74.59,1.99
274,Simao,86,CN,1569794683,95,22.76,100.79,59.73,1.36
275,Broken Hill,63,AU,1569794429,66,-31.97,141.45,51.8,12.75
276,Arlit,0,NE,1569794686,9,18.74,7.39,96.84,10.89
277,Manokwari,70,ID,1569794410,71,-0.87,134.08,73.19,4.25
278,Yatou,40,CM,1569794539,100,3.63,9.81,77.0,1.12
279,Homer,90,US,1569794689,93,59.64,-151.54,55.0,23.26
280,San Andres,43,PH,1569794691,82,13.32,122.68,79.4,9.26
281,Rovaniemi,90,FI,1569794500,100,66.5,25.72,42.8,5.82
282,Bathsheba,20,BB,1569794500,66,13.22,-59.52,86.0,11.41
283,Samarai,92,PG,1569794695,93,-10.62,150.67,75.69,4.85
284,Kaeo,89,NZ,1569794696,70,-35.1,173.78,66.0,11.99
285,Lakatoro,57,VU,1569794698,78,-16.11,167.42,82.4,6.93
286,Matara,52,BI,1569794699,86,-3.48,29.48,53.3,1.41
287,Vanavara,38,RU,1569794701,96,60.35,102.28,22.27,1.95
288,Caravelas,90,BR,1569794702,89,-17.73,-39.27,72.99,11.56
289,Varhaug,90,NO,1569794703,76,58.61,5.65,53.6,12.75
290,Novo Aripuana,47,BR,1569794705,58,-5.12,-60.38,87.52,2.75
291,Khani,40,GE,1569794706,93,41.96,42.96,57.2,3.36
292,Guane,55,CU,1569794708,81,22.2,-84.09,83.47,22.84
293,Forest Grove,90,US,1569794709,71,45.52,-123.11,51.8,9.17
294,Dakar,0,SN,1569794650,88,14.69,-17.45,82.4,4.7
295,Yerbogachen,98,RU,1569794712,93,61.28,108.01,26.88,8.7
296,Camacha,40,PT,1569794713,68,33.08,-16.33,71.6,8.05
297,Sabang,100,PH,1569794714,88,13.8,121.11,77.0,2.42
298,Padang,100,ID,1569794716,86,-0.92,100.36,78.63,17.07
299,Walker,90,US,1569794717,93,43.01,-85.77,57.99,11.41
300,Norman Wells,40,CA,1569794684,34,65.28,-126.83,51.8,11.41
301,Tual,26,ID,1569794720,86,-5.67,132.75,78.32,15.08
302,Vanimo,71,PG,1569794721,81,-2.67,141.3,79.15,10.71
303,Talnakh,75,RU,1569794722,100,69.49,88.39,30.2,2.24
304,Banda Aceh,100,ID,1569794723,77,5.56,95.32,80.34,10.02
305,Seidu,78,NG,1569794725,85,8.32,4.47,74.4,3.31
306,Saint-Pierre,20,FR,1569794727,87,48.95,4.24,60.8,19.46
307,Katsuura,40,JP,1569794728,94,33.93,134.5,75.2,2.24
308,Nantucket,1,US,1569794689,72,41.28,-70.1,66.2,17.22
309,Passo Fundo,0,BR,1569794620,61,-28.26,-52.41,70.18,4.54
310,Mogadouro,0,PT,1569794732,69,41.34,-6.71,66.19,3.71
311,Ucluelet,20,CA,1569794561,53,48.94,-125.55,62.01,6.93
312,Atar,0,MR,1569794500,14,20.52,-13.05,98.61,7.56
313,Soe,20,EE,1569794736,93,57.91,26.05,52.0,9.17
314,Hailar,100,CN,1569794737,84,49.2,119.7,47.36,12.86
315,Inirida,100,CO,1569794738,94,3.87,-67.92,80.19,2.89
316,Kavieng,1,PG,1569794739,68,-2.57,150.8,83.07,2.98
317,Nelson Bay,75,AU,1569794741,72,-32.72,152.14,64.99,5.82
318,Makakilo City,20,US,1569794743,58,21.35,-158.09,87.8,8.05
319,Karlstad,25,SE,1569794744,100,59.38,13.5,46.99,1.12
320,Tankhoy,9,RU,1569794746,88,51.55,105.12,42.01,3.94
321,Salinas,0,US,1569794747,42,36.67,-121.66,68.0,10.29
322,Iqaluit,90,CA,1569794748,93,63.75,-68.52,37.4,9.17
323,Brookhaven,40,US,1569794750,77,40.78,-72.92,77.0,8.05
324,Goma,38,CD,1569794751,96,-1.67,29.23,56.45,2.28
325,Deputatskiy,97,RU,1569794753,96,69.3,139.9,13.32,3.51
326,Mogadishu,39,SO,1569794709,90,2.04,45.34,77.13,12.39
327,Cabedelo,20,BR,1569794755,83,-6.97,-34.84,77.0,8.05
328,Ormara,43,PK,1569794757,82,25.21,64.64,81.15,9.66
329,Sisophon,0,KH,1569794758,86,13.59,102.97,73.96,2.19
330,Aracruz,90,BR,1569794759,83,-19.82,-40.27,73.4,4.7
331,Birjand,0,IR,1569794761,17,32.86,59.22,62.6,6.93
332,Kendari,33,ID,1569794526,97,-3.99,122.52,69.07,2.19
333,Santiago del Estero,0,AR,1569794763,17,-27.8,-64.26,98.82,18.86
334,Aanekoski,90,FI,1569794765,93,62.6,25.73,46.4,3.36
335,Uusikaupunki,90,FI,1569794766,93,60.8,21.41,52.0,4.7
336,Poum,0,MK,1569794767,88,41.28,20.71,54.87,0.98
337,Prince Rupert,1,CA,1569794769,41,54.32,-130.32,57.2,6.93
338,Yurimaguas,0,PE,1569794770,52,-5.9,-76.1,93.2,2.82
339,Dhuburi,100,IN,1569794771,98,26.03,89.97,70.6,5.19
340,Itanhem,69,BR,1569794773,94,-17.17,-40.33,68.49,5.03
341,Thompson,75,CA,1569794774,39,55.74,-97.86,44.6,5.03
342,Alihe,80,CN,1569794776,84,50.57,123.73,34.22,2.71
343,Worthing,40,GB,1569794777,82,50.81,-0.37,57.2,13.87
344,Gerede,0,TR,1569794778,83,40.8,32.2,52.36,3.42
345,Rosario Oeste,87,BR,1569794779,40,-14.84,-56.43,92.4,1.63
346,Narsaq,3,GL,1569794781,26,60.91,-46.05,55.4,16.11
347,Bundaberg,90,AU,1569794782,83,-24.87,152.35,75.99,9.17
348,Puerto Maldonado,38,PE,1569794783,28,-12.59,-69.19,97.78,4.23
349,Valparaiso,90,US,1569794785,88,41.47,-87.06,73.4,6.93
350,Harsud,100,IN,1569794786,89,21.96,76.7,74.07,3.53
351,Sao Gabriel da Cachoeira,40,BR,1569794787,59,-0.13,-67.09,89.6,8.05
352,Ariquemes,98,BR,1569794789,54,-9.91,-63.03,88.17,4.05
353,Encruzilhada do Sul,0,BR,1569794790,66,-30.54,-52.52,70.02,1.9
354,Mahdalynivka,90,UA,1569794791,93,48.92,34.92,51.8,4.47
355,Zhoucheng,0,CN,1569794793,93,31.35,119.33,66.2,2.24
356,Setermoen,75,NO,1569794794,97,68.86,18.35,39.2,14.99
357,Santa Maria,20,BR,1569794795,40,-16.02,-48.01,86.0,6.93
358,Tandalti,95,SD,1569794797,65,13.01,31.87,81.67,9.22
359,Zeya,57,RU,1569794798,65,53.74,127.27,29.34,3.2
360,Erenhot,100,CN,1569794799,41,43.65,111.97,68.47,14.07
361,Poli,100,CM,1569794801,97,8.48,13.24,69.23,2.21
362,Manaus,40,BR,1569794802,69,-3.13,-59.98,91.4,3.36
363,Nemuro,0,JP,1569794804,81,43.32,145.57,63.15,7.27
364,Pedasi,100,PA,1569794805,68,7.53,-80.03,83.58,2.59
365,Aguimes,20,ES,1569794806,78,27.91,-15.45,73.4,26.4
366,Sarkand,100,KZ,1569794808,87,45.41,79.91,47.25,9.53
367,Aloleng,100,PH,1569794809,70,16.13,119.78,83.49,2.04
368,Yulara,52,AU,1569794810,19,-25.24,130.99,69.8,10.29
369,Zapolyarnyy,90,RU,1569794812,86,69.43,30.82,37.4,19.46
370,Belaya Gora,100,RU,1569794813,88,68.54,146.19,25.44,5.7
371,Nioki,81,CD,1569794814,92,-2.72,17.69,73.39,0.83
372,La Palma,26,CO,1569794816,65,5.36,-74.39,81.42,2.55
373,Merauke,20,ID,1569794817,85,-8.49,140.4,78.75,18.16
374,Janakkala,40,FI,1569794818,100,60.93,24.67,50.0,1.12
375,Nioro,10,GM,1569794820,79,13.79,-15.05,80.43,7.52
376,Kupang,0,ID,1569794821,76,-10.16,123.6,75.28,11.01
377,Jiayuguan,0,CN,1569794822,19,39.77,98.29,60.68,2.04
378,Marathon,75,CA,1569794825,45,48.72,-86.38,48.2,8.05
379,Clyde River,1,CA,1569794826,100,70.47,-68.59,35.6,10.29
380,Hemnesberget,40,NO,1569794827,96,66.23,13.61,33.8,5.82
381,Natchitoches,40,US,1569794828,41,31.76,-93.09,95.0,9.17
382,Benguela,100,AO,1569794830,90,-12.58,13.4,72.04,10.33
383,Sal Rei,2,CV,1569794831,85,16.18,-22.92,76.63,12.91
384,Berlevag,75,NO,1569794536,74,70.86,29.09,37.4,13.87
385,Kodinsk,100,RU,1569794834,96,58.6,99.18,29.45,1.43
386,Emba,0,CY,1569794835,64,34.81,32.42,75.2,4.7
387,Rusape,0,ZW,1569794836,21,-18.53,32.12,61.89,5.55
388,Jingdezhen,0,CN,1569794838,69,29.29,117.2,65.11,3.69
389,Cutlerville,90,US,1569794839,93,42.84,-85.66,59.0,11.41
390,Nyurba,100,RU,1569794840,98,63.29,118.35,31.86,6.53
391,Hambantota,20,LK,1569794842,100,6.12,81.12,75.2,0.76
392,Graham,40,US,1569794843,41,33.11,-98.59,95.0,13.87
393,Muyezerskiy,100,RU,1569794844,91,63.93,31.65,44.91,11.7
394,Namibe,100,AO,1569794846,90,-15.19,12.15,67.12,14.25
395,Hovd,75,NO,1569794847,93,63.83,10.7,46.4,12.75
396,Xuanzhou,0,CN,1569794848,93,30.95,118.78,64.6,4.25
397,Antofagasta,40,CL,1569794589,67,-23.65,-70.4,60.8,13.87
398,Alugan,100,PH,1569794851,93,12.22,125.48,75.15,2.86
399,Klaksvik,100,FO,1569794852,87,62.23,-6.59,42.8,13.87
400,Koumac,0,NC,1569794854,81,-20.56,164.28,72.02,11.52
401,Launceston,0,AU,1569794855,65,-41.43,147.14,46.0,4.7
402,Sayyan,57,YE,1569794856,67,15.17,44.32,71.05,1.54
403,Xinglongshan,27,CN,1569794858,76,43.96,125.47,53.6,4.47
404,Laguna,40,BZ,1569794859,66,16.17,-88.94,89.6,6.93
405,Tabou,33,CI,1569794860,92,4.42,-7.36,74.92,4.21
406,Khorinsk,44,RU,1569794862,97,52.16,109.78,34.36,1.63
407,Pombia,20,GR,1569794863,82,35.01,24.87,66.99,5.82
408,La Rioja,0,AR,1569794865,24,-29.41,-66.86,82.93,5.99
409,Sioux Lookout,90,CA,1569794634,86,50.1,-91.92,41.0,8.05
410,San Carlos de Bariloche,75,AR,1569794868,86,-41.13,-71.31,39.2,20.8
411,Tortoli,5,IT,1569794869,88,39.93,9.66,71.6,6.93
412,Comodoro Rivadavia,0,AR,1569794871,19,-45.87,-67.48,60.8,23.04
413,Sentjur,0,SI,1569794872,72,46.22,15.4,64.4,9.17
414,Faya,0,SA,1569794873,45,18.39,42.45,69.8,4.7
415,Verkhoyansk,0,RU,1569794875,87,67.55,133.39,21.26,0.72
416,Luderitz,33,NA,1569794876,85,-26.65,15.16,56.22,23.55
417,Ilulissat,60,GL,1569794877,74,69.22,-51.1,37.4,1.12
418,Parfenyevo,94,RU,1569794879,90,58.48,43.41,45.4,12.12
419,Ust-Maya,68,RU,1569794880,93,60.42,134.54,26.34,1.57
420,Mabamba,0,TZ,1569794881,69,-3.6,30.5,65.65,3.42
421,Masvingo,0,ZW,1569794883,17,-20.08,30.83,62.68,6.33
422,Brae,95,GB,1569794885,87,60.4,-1.35,50.0,21.92
423,Alamosa,1,US,1569794886,22,37.47,-105.87,73.4,25.28
424,Bethel,90,US,1569794883,87,60.79,-161.76,48.2,14.99
425,Walvis Bay,0,NA,1569794888,87,-22.95,14.51,63.0,3.36
426,Bilibino,77,RU,1569794890,94,68.06,166.44,16.42,3.71
427,Theunissen,99,ZA,1569794891,56,-28.4,26.71,54.43,8.68
428,Coihaique,75,CL,1569794892,56,-45.58,-72.07,44.6,5.82
429,Solnechnyy,0,RU,1569794895,77,50.72,136.64,37.59,1.54
430,Derzhavinsk,0,KZ,1569794896,63,51.1,66.31,36.18,3.74
431,Lizzano,0,IT,1569794897,88,40.39,17.45,73.99,3.36
432,Zhanakorgan,0,KZ,1569794899,63,43.91,67.25,45.45,11.72
433,Meulaboh,100,ID,1569794828,80,4.14,96.13,78.88,5.03
434,Kautokeino,100,NO,1569794901,95,69.01,23.04,29.14,23.38
435,Vagamo,100,NO,1569794903,94,61.88,9.1,37.41,9.22
436,Potam,5,MX,1569794904,19,27.6,-110.38,99.0,10.29
437,Huambo,96,AO,1569794905,85,-12.78,15.73,63.04,1.68
438,Licheng,0,CN,1569794907,57,24.5,110.4,68.8,2.42
439,Quatre Cocos,40,MU,1569794908,88,-20.21,57.76,71.01,2.24
440,Morondava,0,MG,1569794909,73,-20.3,44.28,73.77,12.33
441,Lasa,0,CY,1569794911,64,34.92,32.53,75.2,4.7
442,Yook,78,PH,1569794912,71,13.23,121.96,82.46,4.41
443,Olinda,75,AU,1569794913,81,-37.84,145.39,53.01,10.29
444,Alyangula,29,AU,1569794914,93,-13.85,136.42,64.4,3.36
445,Enshi,48,CN,1569794916,66,30.29,109.48,57.44,4.0
446,Ahipara,5,NZ,1569794917,100,-35.17,173.16,64.99,24.18
447,Tunkas,99,MX,1569794918,51,20.9,-88.75,92.86,8.66
448,Aksu,0,KZ,1569794920,80,52.04,76.93,35.6,8.95
449,Kamina,33,CD,1569794921,53,-8.74,25.0,74.05,5.61
450,Toora-Khem,100,RU,1569794922,96,52.47,96.11,36.31,1.25
451,Kondoa,29,TZ,1569794924,66,-4.91,35.78,66.3,7.14
452,Baffa,28,PK,1569794925,84,34.44,73.22,59.67,3.58
453,Vizinga,94,RU,1569794927,89,61.08,50.08,32.53,6.26
454,Santo Antonio da Platina,0,BR,1569794929,45,-23.3,-50.08,73.28,4.14
455,Muli,0,CN,1569794930,53,28.08,109.56,65.81,1.59
456,Rio Grande,0,BR,1569794932,88,-32.03,-52.1,66.2,8.05
457,Lashio,100,MM,1569794933,95,22.93,97.75,64.69,0.02
458,Xingyi,1,CN,1569794934,95,24.19,102.82,53.1,1.52
459,Alice Springs,0,AU,1569794936,33,-23.7,133.88,62.6,3.36
460,Kez,81,RU,1569794937,92,57.9,53.72,30.33,5.14
461,Russell,20,US,1569794938,52,38.9,-98.86,89.6,24.16
462,Karata,37,RU,1569794940,93,42.6,46.34,38.14,6.26
463,Berberati,100,CF,1569794941,93,4.26,15.79,70.04,2.37
464,Kanpur,90,IN,1569794942,100,26.46,80.32,73.4,5.21
465,Likasi,0,CD,1569794944,33,-10.99,26.74,67.56,1.19
466,Usinsk,100,RU,1569794945,98,66.0,57.56,39.49,9.64
467,Buala,100,SB,1569794947,82,-8.15,159.59,81.29,12.8
468,Lazaro Cardenas,40,MX,1569794948,33,28.39,-105.62,89.6,12.75
469,Katherine,4,AU,1569794950,56,-14.47,132.26,68.0,5.82
470,Itoman,75,JP,1569794951,83,26.12,127.67,82.4,9.17
471,Westport,20,US,1569794875,41,41.14,-73.36,77.0,6.93
472,San Rafael,0,AR,1569794954,16,-34.61,-68.33,85.39,8.72
473,Mackay,90,CA,1569794955,51,53.65,-115.58,35.6,6.93
474,Jalu,100,LY,1569794956,33,29.03,21.55,85.84,9.17
475,Honiara,75,SB,1569794958,100,-9.43,159.96,75.2,7.14
476,Pangody,99,RU,1569794959,84,65.85,74.49,30.55,5.08
477,Sinnamary,9,GF,1569794960,80,5.38,-52.96,82.32,15.39
478,Atbasar,0,KZ,1569794961,80,51.81,68.36,32.2,4.92
479,Portel,29,BR,1569794963,48,-1.94,-50.82,89.5,3.27
480,Guadalajara,0,ES,1569794964,42,40.63,-3.16,73.99,4.7
481,Teseney,100,ER,1569794966,59,15.11,36.66,83.74,8.77
482,Manzanillo,90,MX,1569794967,94,19.05,-104.32,80.6,18.34
483,Buraydah,0,SA,1569794968,32,26.33,43.97,82.4,2.24
484,Sept-Iles,40,CA,1569794742,45,50.2,-66.38,48.2,14.99
485,Port Augusta,2,AU,1569794971,71,-32.49,137.76,55.99,11.41
486,Agadez,1,NE,1569794972,13,16.97,7.99,89.6,4.7
487,Betare Oya,100,CM,1569794973,97,5.6,14.08,66.55,0.92
488,Truro,40,GB,1569794975,93,50.26,-5.05,57.99,13.87
489,Fort Wellington,38,GY,1569794976,69,6.4,-57.6,83.2,5.73
490,Diffa,96,NE,1569794977,50,13.32,12.61,83.16,7.56
491,Byron Bay,90,AU,1569794977,72,-28.65,153.62,70.0,5.82
492,Lagoa,0,PT,1569794955,64,37.14,-8.45,71.01,4.7
493,Ust-Kuyga,70,RU,1569794981,90,70.0,135.55,22.09,2.33
494,Melville,90,CA,1569794704,93,50.93,-102.81,37.4,20.8
495,Orje,73,NO,1569794984,93,59.48,11.66,46.0,2.24
496,Pisco,0,PE,1569794985,30,-13.71,-76.2,71.6,14.99
497,Samfya,4,ZM,1569794986,35,-11.37,29.56,71.26,3.49
498,Akdepe,0,TM,1569794988,61,42.05,59.39,57.2,4.7
499,Cobija,40,BR,1569794989,62,-11.02,-68.77,89.6,4.7
500,Adzope,95,CI,1569794990,98,6.11,-3.86,74.29,3.0
501,Manzhouli,100,CN,1569794992,75,49.6,117.43,48.53,4.61
502,Liuzhou,0,CN,1569794993,64,24.32,109.41,68.19,3.22
503,Teguise,20,ES,1569794994,83,29.06,-13.56,73.4,14.99
504,Havoysund,75,NO,1569794996,80,71.0,24.66,35.6,19.46
505,Tsogni,100,GA,1569794998,83,-2.79,10.1,76.41,13.69
506,Palmer,20,AU,1569794999,66,-34.85,139.16,55.4,3.02
507,Mpraeso,60,GH,1569795000,93,6.6,-0.73,73.39,1.1
508,Flinders,75,AU,1569795002,93,-34.58,150.85,61.0,4.7
509,Destin,1,US,1569795003,36,30.39,-86.5,93.99,5.82
510,Maceio,0,BR,1569795004,83,-9.67,-35.74,75.2,6.93
511,Vostok,100,RU,1569795006,81,46.45,135.83,40.11,2.66
512,Crixas,8,BR,1569795007,26,-14.55,-49.97,92.38,3.71
513,Shaunavon,100,CA,1569795008,99,49.65,-108.41,31.75,21.77
514,Leshukonskoye,96,RU,1569795010,85,64.9,45.76,40.95,7.92
515,Shimoda,98,JP,1569795011,90,34.7,138.93,73.0,1.01
516,Bahia Blanca,100,AR,1569794767,53,-38.72,-62.27,69.52,4.76
517,Alquizar,40,CU,1569795014,66,22.81,-82.59,87.8,18.34
518,Balkhash,100,KZ,1569795015,37,46.84,74.98,44.35,10.85
519,Iracoubo,49,GF,1569795016,75,5.48,-53.21,81.58,8.46
520,Tuatapere,57,NZ,1569795018,84,-46.13,167.69,48.99,8.01
521,Agirish,100,RU,1569795019,94,61.92,63.02,40.18,9.78
522,Lang Suan,1,TH,1569795020,93,9.95,99.07,74.27,0.58
523,Carberry,90,CA,1569795022,100,49.87,-99.36,39.2,28.86
524,Dudinka,75,RU,1569795023,100,69.41,86.18,30.2,2.24
525,Henties Bay,0,NA,1569795024,87,-22.12,14.28,63.0,5.99
